Numero;Orden;Ciudad;Centro;Especialidad;Convocatoria
1;1;MADRID;H. GENERAL UNIVERSITARIO GREGORIO MARANON ;FH;2019
1;2;MADRID;H. UNIVERSITARIO RAMON Y CAJAL ;MICRO;2019
2;3;MURCIA;H. CLINICO UNIVERSITARIO VIRGEN DE LA ARRIXACA DE MURCIA ;FH;2019
3;4;MADRID;H. GENERAL UNIVERSITARIO GREGORIO MARANON ;FH;2019
4;5;MADRID;H. UNIVERSITARIO LA PAZ ;FH;2019
5;6;VALENCIA;H. UNIVERSITARI I POLITECNIC LA FE;FH;2019
6;7;MADRID;H. UNIVERSITARIO LA PAZ;FH;2019
7;8;MADRID;H. UNIVERSITARIO 12 DE OCTUBRE;INMUNO;2019
8;9;SANTIAGO DE COMPOSTELA;C.H. UNIVERSITARIO DE SANTIAGO DE COMPOSTELA;FH;2019
9;10;MADRID;H. UNIVERSITARIO 12 DE OCTUBRE;FH;2019
10;11;ZARAGOZA;H. UNIVERSITARIO MIGUEL SERVET;FH;2019
11;12;BADALONA;H. UNIVERSITARI GERMANS TRIAS I PUJOL;FH;2019
12;13;MADRID;H. UNIVERSITARIO 12 DE OCTUBRE;MICRO;2019
13;14;PALMA DE MALLORCA;H. UNIVERSITARIO SON ESPASES;MICRO;2019
14;15;MADRID;H. UNIVERSITARIO 12 DE OCTUBRE;FH;2019
15;16;MAJADAHONDA;H. UNIVERSITARIO PUERTA DE HIERRO;FH;2019
16;17;SEVILLA;H. UNIVERSITARIO VIRGEN DEL ROCIO;FH;2019
17;18;SEVILLA;H. UNIVERSITARIO VIRGEN DEL ROCIO;MICRO;2019
18;19;MADRID;H. UNIVERSITARIO 12 DE OCTUBRE;AC;2019
19;20;MURCIA;H. CLINICO UNIVERSITARIO VIRGEN DE LA ARRIXACA DE MURCIA;FH;2019
20;21;PAMPLONA;C.H. DE NAVARRA;FH;2019
21;22;VALENCIA;H. UNIVERSITARI I POLITECNIC LA FE;FH;2019
22;23;SEVILLA;H. UNIVERSITARIO VIRGEN DEL ROCIO;FH;2019
23;24;A CORUNA;C.H. UNIVERSITARIO A CORUNA;FH;2019
24;25;BARCELONA;H. DEL MAR- PARC DE SALUT MAR;FH;2019
25;26;MURCIA;H.GENERAL UNIVERSITARIO JOSE Ma MORALES MESEGUER DE MURCIA;FH;2019
26;27;VIGO;C.H. UNIVERSITARIO DE VIGO - EOXI VIGO;FH;2019
27;28;VALENCIA;H. UNIVERSITARIO DOCTOR PESET;FH;2019
28;29;VALENCIA;H. UNIVERSITARIO DOCTOR PESET;FH;2019
29;30;VALENCIA;H. CLINICO UNIVERSITARIO DE VALENCIA;FH;2019
30;31;BARAKALDO;H. UNIVERSITARIO CRUCES;FH;2019
31;32;GRANADA;FH          ;FH;2019
32;33;VALENCIA;H. GENERAL UNIVERSITARIO DE VALENCIA;MICRO;2019
33;34;GRANADA;H. UNIVERSITARIO SAN CECILIO;MICRO;2019
34;35;MADRID;H. UNIVERSITARIO RAMON Y CAJAL;FH;2019
35;36;MADRID;H. UNIVERSITARIO LA PAZ ANALISIS;AC;2019
36;37;CADIZ;H. UNIVERSITARIO PUERTA DEL MAR;FH;2019
37;38;PALMA DE MALLORCA;H. UNIVERSITARIO SON ESPASES;FH;2019
38;38;PALMA DE MALLORCA;H. UNIVERSITARIO SON ESPASES;FH;2019
39;39;BARCELONA;H. CLINIC DE BARCELONA;FH;2019
40;40;MADRID;H. UNIVERSITARIO LA PAZ;MICRO;2019
41;41;MADRID;H. UNIVERSITARIO RAMON Y CAJAL;FH;2019
42;42;VALENCIA;H. UNIVERSITARI I POLITECNIC LA FE;MICRO;2019
43;43;BILBAO;H. UNIVERSITARIO BASURTO;FH;2019
44;44;HOSPITALET;H. UNIVERSITARI DE BELLVITGE;FH;2019
45;45;SEVILLA;H. UNIVERSITARIO VIRGEN MACARENA;FH;2019
46;46;SANTANDER;H. UNIVERSITARIO MARQUES DE VALDECILLA;FH;2019
47;47;SEVILLA;H. UNIVERSITARIO VIRGEN MACARENA;FH;2019
48;48;PALMA DE MALLORCA;H. UNIVERSITARIO SON ESPASES;FH;2019
49;49;PAMPLONA;CLINICA UNIVERSIDAD DE NAVARRA;FH;2019
50;50;MURCIA;H. CLINICO UNIVERSITARIO VIRGEN DE LA ARRIXACA DE MURCIA;MICRO;2019
51;51;CARTAGENA;C.H.UNIVERSITARIO STA. Ma DEL ROSELL - STA. LUCIA DE CARTAGENA;FH;2019
52;52;BARCELONA;H. UNIVERSITARIO VALL D´ HEBRON;FH;2019
53;53;GRANADA;H. UNIVERSITARIO SAN CECILIO;FH;2019
54;54;VALENCIA;H. GENERAL UNIVERSITARIO DE VALENCIA;FH;2019
55;55;GRANADA;H. UNIVERSITARIO VIRGEN DE LAS NIEVES;FH;2019
56;56;ALBACETE;AREA ESPECIALIZADA DE ALBACETE;FH;2019
57;57;ALICANTE;H. GENERAL UNIVERSITARIO DE ALICANTE;FH;2019
58;58;MADRID;H. UNIVERSITARIO CLINICO SAN CARLOS;FH;2019
59;59;HOSPITALET;H. UNIVERSITARI DE BELLVITGE;FH;2019
60;60;OVIEDO;H. UNIVERSITARIO CENTRAL DE ASTURIAS;FH;2019
61;61;PONTEVEDRA;C.H. UNIVERSITARIO DE PONTEVEDRA;FH;2019
62;62;SEVILLA;H. UNIVERSITARIO NTRA. SRA. DE VALME;MICRO;2019
63;63;SANTANDER;H. UNIVERSITARIO MARQUES DE VALDECILLA;MICRO;2019
64;64;GETAFE;H. UNIVERSITARIO DE GETAFE;FH;2019
65;65;SALAMANCA;COMPLEJO ASISTENCIAL UNIVERSITARIO DE SALAMANCA;FH;2019
66;66;BARCELONA;H. DEL MAR- PARC DE SALUT MAR;FH;2019
67;67;BARCELONA;H. CLINIC DE BARCELONA;FH;2019
68;68;MADRID;H. INFANTIL UNIVERSITARIO NINO JESUS;FH;2019
69;69;HUELVA;H. JUAN RAMON JIMENEZ;AC;2019
70;70;VALENCIA;H. CLINICO UNIVERSITARIO DE VALENCIA;MICRO;2019
71;71;BARCELONA;H. UNIVERSITARIO VALL D´ HEBRON;FH;2019
72;72;VALENCIA;H. UNIVERSITARIO DOCTOR PESET;MICRO;2019
73;73;OVIEDO;H. UNIVERSITARIO CENTRAL DE ASTURIAS;FH;2019
74;74;PALMA DE MALLORCA;H. UNIVERSITARIO SON LLÀTZER;FH;2019
75;75;ALICANTE;H. GENERAL UNIVERSITARIO DE ALICANTE;FH;2019
76;76;CORDOBA;H. UNIVERSITARIO REINA SOFIA;FH;2019
77;77;DONOSTIA;H. UNIVERSITARIO DONOSTIA;MICRO;2019
78;78;ALCALA DE HENARES;H. UNIVERSITARIO PRINCIPE DE ASTURIAS;FH;2019
79;79;VALENCIA;H. GENERAL UNIVERSITARIO DE VALENCIA;FH;2019
80;80;SEVILLA;H. UNIVERSITARIO NTRA. SRA. DE VALME;FH;2019
81;81;VALENCIA;H. ARNAU DE VILANOVA;FH;2019
82;82;BARCELONA;H. UNIVERSITARIO VALL D´ HEBRON;FH;2019
83;83;CORDOBA;H. UNIVERSITARIO REINA SOFIA;FH;2019
84;84;GRANADA;H. UNIVERSITARIO SAN CECILIO;MICRO;2019
85;85;BADALONA;H. UNIVERSITARI GERMANS TRIAS I PUJOL;FH;2019
86;86;MADRID;H. UNIVERSITARIO LA PAZ;MICRO;2019
87;87;BARCELONA;H. DE LA SANTA CREU I SANT PAU;FH;2019
88;88;CASTELLON;H. GENERAL UNIVERSITARIO DE CASTELLON;FH;2019
89;89;SEVILLA;H. UNIVERSITARIO NTRA. SRA. DE VALME;AC;2019
90;90;VALENCIA;H. CLINICO UNIVERSITARIO DE VALENCIA;MICRO;2019
91;91;MADRID;H. INFANTIL UNIVERSITARIO NINO JESUS;FH;2019
92;92;TOLEDO;C.H. UNIVERSITARIO DE TOLEDO;FH;2019
93;93;ZARAGOZA;H. UNIVERSITARIO MIGUEL SERVET;FH;2019
94;94;CASTELLON;H. GENERAL UNIVERSITARIO DE CASTELLON;FH;2019
95;95;VALENCIA;H. UNIVERSITARI I POLITECNIC LA FE;AC;2019
96;96;MAJADAHONDA;H. UNIVERSITARIO PUERTA DE HIERRO;FH;2019
97;97;MALAGA;H. UNIVERSITARIO VIRGEN DE LA VICTORIA;FH;2019
98;98;GRANADA;H. UNIVERSITARIO VIRGEN DE LAS NIEVES;MICRO;2019
99;99;BARCELONA;H. DE LA SANTA CREU I SANT PAU;FH;2019
100;100;FERROL;C.H. UNIVERSITARIO DE FERROL;FH;2019
101;101;DONOSTIA;H. UNIVERSITARIO DONOSTIA;FH;2019
102;102;BARAKALDO;H. UNIVERSITARIO CRUCES;MICRO;2019
103;103;MALAGA;H. REGIONAL UNIVERSITARIO DE MALAGA;MICRO;2019
104;104;MALAGA;H. REGIONAL UNIVERSITARIO DE MALAGA;FH;2019
105;105;MATARO;CONSORCI SANITARI DEL MARESME - H. DE MATARO;FH;2019
106;106;GIJON;H. UNIVERSITARIO DE CABUENES;FH;2019
107;107;MAJADAHONDA;H. UNIVERSITARIO PUERTA DE HIERRO;MICRO;2019
108;108;A CORUNA;C.H. UNIVERSITARIO A CORUNA;MICRO;2019
109;109;ALICANTE;H. GENERAL UNIVERSITARIO DE ALICANTE;AC;2019
110;110;MADRID;H. UNIVERSITARIO FUNDACION JIMENEZ DIAZ;FH;2019
111;111;MURCIA;H.GENERAL UNIVERSITARIO JOSE Ma MORALES MESEGUER DE MURCIA;FH;2019
112;112;CADIZ;H. UNIVERSITARIO PUERTA DEL MAR;FH;2019
113;113;VALLADOLID;H. CLINICO UNIVERSITARIO DE VALLADOLID;MICRO;2019
114;114;SEVILLA;H. UNIVERSITARIO VIRGEN MACARENA;MICRO;2019
115;115;MALAGA;H. UNIVERSITARIO VIRGEN DE LA VICTORIA;FH;2019
116;116;GUADALAJARA;H. GENERAL UNIVERSITARIO DE GUADALAJARA;FH;2019
117;117;MADRID;H. UNIVERSITARIO FUNDACION JIMENEZ DIAZ;INMUNO;2019
118;118;MADRID;H. INFANTIL UNIVERSITARIO NINO JESUS;AC;2019
119;119;GETAFE;H. UNIVERSITARIO DE GETAFE;FH;2019
120;120;GRANADA;H. UNIVERSITARIO VIRGEN DE LAS NIEVES;MICRO;2019
121;121;MADRID;H. UNIVERSITARIO DE LA PRINCESA;FH;2019
122;122;HUELVA;H. JUAN RAMON JIMENEZ;FH;2019
123;123;SALAMANCA;COMPLEJO ASISTENCIAL UNIVERSITARIO DE SALAMANCA;FH;2019
124;124;PAMPLONA;C.H. DE NAVARRA;FH;2019
125;125;VIGO;C.H. UNIVERSITARIO DE VIGO - EOXI VIGO;AC;2019
126;126;PAMPLONA;C.H. DE NAVARRA;FH;2019
127;127;ALBACETE;AREA ESPECIALIZADA DE ALBACETE;FH;2019
128;128;GIRONA;H. UNIVERSITARI DE GIRONA DR. JOSEP TRUETA;FH;2019
129;129;ESPLUGES DE LLOBREGAT;H. UNIVERSITARI SANT JOAN DE DEU;FH;2019
130;130;ZARAGOZA;H. CLINICO UNIVERSITARIO LOZANO BLESA;FH;2019
131;131;ELCHE;H. GENERAL UNIVERSITARIO DE ELCHE;FH;2019
132;132;ALCAZAR DE SAN JUAN;H. GENERAL LA MANCHA CENTRO;FH;2019
133;133;FUENLABRADA;H. UNIVERSITARIO DE FUENLABRADA;FH;2019
134;134;SANTANDER;H. UNIVERSITARIO MARQUES DE VALDECILLA;FH;2019
135;135;CIUDAD REAL;H. GENERAL UNIVERSITARIO DE CIUDAD REAL;FH;2019
136;136;ALCORCON;H. UNIVERSITARIO FUNDACION ALCORCON;FH;2019
137;137;ALCORCON;H. UNIVERSITARIO FUNDACION ALCORCON;FH;2019
138;138;MALAGA;H. UNIVERSITARIO VIRGEN DE LA VICTORIA;MICRO;2019
139;139;GIRONA;H. UNIVERSITARI DE GIRONA DR. JOSEP TRUETA;FH;2019
140;140;LEGANES;H. UNIVERSITARIO SEVERO OCHOA;FH;2019
141;141;ALCALA DE HENARES;H. UNIVERSITARIO PRINCIPE DE ASTURIAS;FH;2019
142;142;SANTA CRUZ DE TENERIFE;H.UNIVERSITARIO NUESTRA SENORA DE LA CANDELARIA;FH;2019
143;143;AVILES;H. UNIVERSITARIO SAN AGUSTIN;FH;2019
144;144;VITORIA-GASTEIZ;H. UNIVERSITARIO ARABA;FH;2019
145;145;SABADELL;CORPORACIO SANITARIA PARC TAULI;FH;2019
146;146;ALZIRA;H. UNIVERSITARIO LA RIBERA;FH;2019
147;147;VALLADOLID;H. CLINICO UNIVERSITARIO DE VALLADOLID;FH;2019
148;148;TERRASSA;H. UNIVERSITARI MUTUA DE TERRASSA;FH;2019
149;149;MURCIA;H. CLINICO UNIVERSITARIO VIRGEN DE LA ARRIXACA DE MURCIA;AC;2019
150;150;SANT JOAN DE ALICANTE;H. UNIVERSITARIO DE SANT JOAN;FH;2019
151;151;MADRID;H. GENERAL UNIVERSITARIO GREGORIO MARANON;MICRO;2019
152;152;MADRID;H. UNIVERSITARIO DE LA PRINCESA;MICRO;2019
153;153;EL EJIDO;H. DE PONIENTE;FH;2019
154;154;MADRID;H. UNIVERSITARIO CLINICO SAN CARLOS;MICRO;2019
155;155;OURENSE;C.H. DE OURENSE;AC;2019
156;156;BURGOS;COMPLEJO ASISTENCIAL UNIVERSITARIO DE BURGOS;FH;2019
157;157;CARTAGENA;C.H.UNIVERSITARIO STA. Ma DEL ROSELL - STA. LUCIA DE CARTAGENA;FH;2019
158;158;VALLADOLID;H. UNIVERSITARIO DEL RIO HORTEGA;FH;2019
159;159;GUADALAJARA;H. GENERAL UNIVERSITARIO DE GUADALAJARA;FH;2019
160;160;LAS PALMAS DE GRAN CANARIA;C. H. DOCTOR NEGRIN;FH;2019
161;161;SEVILLA;H. UNIVERSITARIO VIRGEN MACARENA;BQCLIN;2019
162;162;VALLADOLID;H. UNIVERSITARIO DEL RIO HORTEGA;FH;2019
163;163;LEON;COMPLEJO ASISTENCIAL UNIVERSITARIO DE LEON;FH;2019
164;164;MADRID;H. UNIVERSITARIO DE LA PRINCESA;AC;2019
165;165;GRANOLLERS;FUNDACION PRIVADA H. ASIL DE GRANOLLERS;FH;2019
166;166;TARRAGONA;H. UNIVERSITARI DE TARRAGONA JOAN XXIII;FH;2019
167;167;BARCELONA;H. UNIVERSITARI SAGRAT COR;FH;2019
168;168;MARBELLA;H. COSTA DEL SOL;FH;2019
169;169;GRANADA;H. UNIVERSITARIO VIRGEN DE LAS NIEVES;AC;2019
170;170;BARCELONA;H. UNIVERSITARIO VALL D´ HEBRON;RAD;2019
171;171;LEON;COMPLEJO ASISTENCIAL UNIVERSITARIO DE LEON;FH;2019
172;172;MADRID;H. UNIVERSITARIO DE LA PRINCESA;MICRO;2019
173;173;SANTA CRUZ DE TENERIFE;H.UNIVERSITARIO NUESTRA SENORA DE LA CANDELARIA;FH;2019
174;174;JEREZ DE LA FRONTERA;H. DE JEREZ DE LA FRONTERA;FH;2019
175;175;BADAJOZ;C.H. UNIVERSITARIO DE BADAJOZ;FH;2019
176;176;MADRID;H. UNIVERSITARIO CLINICO SAN CARLOS;AC;2019
177;177;GRANADA;H. UNIVERSITARIO SAN CECILIO;AC;2019
178;178;ZARAGOZA;H. UNIVERSITARIO MIGUEL SERVET;MICRO;2019
179;179;PAMPLONA;CLINICA UNIVERSIDAD DE NAVARRA;FH;2019
180;180;BARCELONA;H. UNIVERSITARIO VALL D´ HEBRON;MICRO;2019
181;181;MURCIA;H. GENERAL UNIVERSITARIO REINA SOFIA DE MURCIA;FH;2019
182;182;LEGANES;H. UNIVERSITARIO SEVERO OCHOA;FH;2019
183;183;JAEN;C.H. DE JAEN;FH;2019
184;184;ORIHUELA;H. DE LA VEGA BAJA;FH;2019
185;185;VALENCIA;H. GENERAL UNIVERSITARIO DE VALENCIA;AC;2019
186;186;MOSTOLES;H. UNIVERSITARIO DE MOSTOLES;FH;2019
187;187;JAEN;C.H. DE JAEN;FH;2019
188;188;ALICANTE;H. GENERAL UNIVERSITARIO DE ALICANTE;MICRO;2019
189;189;VALLADOLID;H. CLINICO UNIVERSITARIO DE VALLADOLID;FH;2019
190;190;LOGRONO;H. DE SAN PEDRO;FH;2019
191;191;HOSPITALET;H. UNIVERSITARI DE BELLVITGE;MICRO;2019
192;192;ALCALA DE HENARES;H. UNIVERSITARIO PRINCIPE DE ASTURIAS;BQCLIN;2019
193;193;LOGRONO;H. DE SAN PEDRO;FH;2019
194;194;CIUDAD REAL;H. GENERAL UNIVERSITARIO DE CIUDAD REAL;FH;2019
195;195;PAMPLONA;C.H. DE NAVARRA;AC;2019
196;196;LAS PALMAS DE GRAN CANARIA;C. H. DOCTOR NEGRIN;FH;2019
197;197;GALDAKAO;H. GALDAKAO-USANSOLO;AC;2019
198;198;SEGOVIA;COMPLEJO ASISTENCIAL DE SEGOVIA;FH;2019
199;199;MOSTOLES;H. UNIVERSITARIO DE MOSTOLES;FH;2019
200;200;GRANOLLERS;FUNDACION PRIVADA H. ASIL DE GRANOLLERS;FH;2019
201;201;ALMERIA;C.H. TORRECARDENAS;FH;2019
202;202;PUERTO REAL;H. UNIVERSITARIO DE PUERTO REAL;FH;2019
203;203;TARRAGONA;H. UNIVERSITARI DE TARRAGONA JOAN XXIII;AC;2019
204;204;BADAJOZ;C.H. UNIVERSITARIO DE BADAJOZ;FH;2019
205;205;LA LAGUNA;H. UNIVERSITARIO DE CANARIAS;FH;2019
206;206;PAMPLONA;CLINICA UNIVERSIDAD DE NAVARRA;MICRO;2019
207;207;CACERES;C.H. UNIVERSITARIO DE CACERES;FH;2019
208;208;LAS PALMAS DE GRAN CANARIA;C.H.UNIVERSITARIO INSULAR MATERNO INFANTIL DE LAS PALMAS DE GRAN CANARIAS;FH;2019
209;209;CUENCA;H. VIRGEN DE LA LUZ;FH;2019
210;210;ELCHE;H. GENERAL UNIVERSITARIO DE ELCHE;MICRO;2019
211;211;FUENLABRADA;H. UNIVERSITARIO DE FUENLABRADA;AC;2019
212;212;BADAJOZ;C.H. UNIVERSITARIO DE BADAJOZ;AC;2019
213;213;EIVISSA;H. CAN MISSES;FH;2019
214;214;MADRID;H. INFANTIL UNIVERSITARIO NINO JESUS;AC;2019
215;215;BADALONA;H. UNIVERSITARI GERMANS TRIAS I PUJOL;INMUNO;2019
216;216;CADIZ;H. UNIVERSITARIO PUERTA DEL MAR;MICRO;2019
217;217;LLEIDA;H. UNIVERSITARI ARNAU DE VILANOVA;FH;2019
218;218;GUADALAJARA;H. GENERAL UNIVERSITARIO DE GUADALAJARA;AC;2019
219;219;BADAJOZ;C.H. UNIVERSITARIO DE BADAJOZ;MICRO;2019
220;220;MURCIA;H.GENERAL UNIVERSITARIO JOSE Ma MORALES MESEGUER DE MURCIA;MICRO;2019
221;221;ALGECIRAS;AREA SANITARIA CAMPO DE GIBRALTAR - H. PUNTA DE EUROPA;FH;2019
222;222;VALENCIA;H. UNIVERSITARIO DOCTOR PESET;AC;2019
223;223;MADRID;H. UNIVERSITARIO RAMON Y CAJAL;BQCLIN;2019
224;224;BARCELONA;H. CLINIC DE BARCELONA;BQCLIN;2019
225;225;TALAVERA DE LA REINA;H. NUESTRA SRA. DEL PRADO;FH;2019
226;226;IGUALADA;CONSORCI SANITARI DE L´ANOIA. H. D´IGUALADA;FH;2019
227;227;LEGANES;H. UNIVERSITARIO SEVERO OCHOA;BQCLIN;2019
228;228;PUERTO REAL;H. UNIVERSITARIO DE PUERTO REAL;MICRO;2019
229;229;BADALONA;H. UNIVERSITARI GERMANS TRIAS I PUJOL;MICRO;2019
230;230;ALBACETE;AREA ESPECIALIZADA DE ALBACETE;MICRO;2019
231;231;ZARAGOZA;H. CLINICO UNIVERSITARIO LOZANO BLESA;MICRO;2019
232;232;ESPLUGES DE LLOBREGAT;H. UNIVERSITARI SANT JOAN DE DEU;BQCLIN;2019
233;233;MALAGA;H. REGIONAL UNIVERSITARIO DE MALAGA;AC;2019
234;234;PAMPLONA;CLINICA UNIVERSIDAD DE NAVARRA;RAD;2019
235;235;GETAFE;H. UNIVERSITARIO DE GETAFE;BQCLIN;2019
236;236;TERRASSA;H. UNIVERSITARI MUTUA DE TERRASSA;AC;2019
237;237;CASTELLON;H. GENERAL UNIVERSITARIO DE CASTELLON;AC;2019
238;238;CADIZ;H. UNIVERSITARIO PUERTA DEL MAR;AC;2019
239;239;TOLEDO;C.H. UNIVERSITARIO DE TOLEDO;AC;2019
240;240;MALAGA;H. UNIVERSITARIO VIRGEN DE LA VICTORIA;AC;2019
241;241;ALBACETE;AREA ESPECIALIZADA DE ALBACETE;AC;2019
242;242;MAJADAHONDA;H. UNIVERSITARIO PUERTA DE HIERRO;BQCLIN;2019
243;243;MADRID;H. UNIVERSITARIO FUNDACION JIMENEZ DIAZ;MICRO;2019
244;244;MURCIA;H. CLINICO UNIVERSITARIO VIRGEN DE LA ARRIXACA DE MURCIA;INMUNO;2019
245;245;CASTELLON;H. GENERAL UNIVERSITARIO DE CASTELLON;MICRO;2019
246;246;SABADELL;CORPORACIO SANITARIA PARC TAULI;AC;2019
247;247;OVIEDO;H. UNIVERSITARIO CENTRAL DE ASTURIAS;BQCLIN;2019
248;248;SANTA CRUZ DE TENERIFE;H.UNIVERSITARIO NUESTRA SENORA DE LA CANDELARIA;MICRO;2019
249;249;MADRID;H. UNIVERSITARIO LA PAZ;RAD;2019
250;250;GRANADA;H. UNIVERSITARIO VIRGEN DE LAS NIEVES;RAD;2019
251;251;GIRONA;H. UNIVERSITARI DE GIRONA DR. JOSEP TRUETA;AC;2019
252;252;ELCHE;H. GENERAL UNIVERSITARIO DE ELCHE;AC;2019
253;253;CUENCA;H. VIRGEN DE LA LUZ;AC;2019
254;254;LAS PALMAS DE GRAN CANARIA;C. H. DOCTOR NEGRIN;MICRO;2019
255;255;SANTA CRUZ DE TENERIFE;H.UNIVERSITARIO NUESTRA SENORA DE LA CANDELARIA;AC;2019
256;256;EL EJIDO;H. DE PONIENTE;AC;2019
257;257;VALENCIA;H. CLINICO UNIVERSITARIO DE VALENCIA;BQCLIN;2019
258;258;PAMPLONA;CLINICA UNIVERSIDAD DE NAVARRA;BQCLIN;2019
259;259;LA LAGUNA;H. UNIVERSITARIO DE CANARIAS;MICRO;2019
260;260;VALLADOLID;H. CLINICO UNIVERSITARIO DE VALLADOLID;AC;2019
261;261;ZARAGOZA;H. UNIVERSITARIO MIGUEL SERVET;BQCLIN;2019
262;262;VALENCIA;H. UNIVERSITARIO DOCTOR PESET;BQCLIN;2019
263;263;LINARES;H. SAN AGUSTIN;AC;2019
264;264;ELDA;H. GENERAL UNIVERSITARIO DE ELDA-VIRGEN DE LA SALUD;AC;2019
265;265;MURCIA;H. CLINICO UNIVERSITARIO VIRGEN DE LA ARRIXACA DE MURCIA;RAD;2019
266;266;BURGOS;COMPLEJO ASISTENCIAL UNIVERSITARIO DE BURGOS;AC;2019
267;267;BARCELONA;H. DE LA SANTA CREU I SANT PAU;BQCLIN;2019
269;268;VALENCIA;H. CLINICO UNIVERSITARIO DE VALENCIA;RAD;2019
270;269;LAS PALMAS DE GRAN CANARIA;C.H.UNIVERSITARIO INSULAR MATERNO INFANTIL DE LAS PALMAS DE GRAN CANARIAS;BQCLIN;2019
271;270;LA LAGUNA;H. UNIVERSITARIO DE CANARIAS;BQCLIN;2019
272;271;ALZIRA;H. UNIVERSITARIO LA RIBERA;BQCLIN;2019
273;272;BARCELONA;H. CLINIC DE BARCELONA;RAD;2019
275;275;BADAJOZ;C.H. UNIVERSITARIO DE BADAJOZ;RAD;2019
1;1;MADRID;H. U. RAMON Y CAJAL;MICRO;2016
2;2;SANTIAGO DE COMPOSTELA;C.H. U. DE SANTIAGO DE COMPOSTELA;FH;2016
3;3;MADRID;H. G. U. GREGORIO MARANON;FH;2016
4;4;MADRID;H. G. U. GREGORIO MARANON;FH;2016
5;5;A CORUNA;C.H. U. A CORUNA;FH;2016
6;6;BARAKALDO;H. U. CRUCES;FH;2016
7;7;SANTA CRUZ DE TENERIFE;H.U. NTRA. SRA. DE LA CANDELARIA;FH;2016
8;8;BARCELONA;H. CLINIC DE BARCELONA;FH;2016
9;9;MADRID;H. U. 12 DE OCTUBRE;FH;2016
10;10;ALBACETE;AREA ESPECIALIZADA DE ALBACETE;FH;2016
11;11;MADRID;H. U. LA PAZ;FH;2016
12;12;SEVILLA;H. U. NTRA. SRA. DE VALME;FH;2016
13;13;PAMPLONA;C.H. DE NAVARRA;FH;2016
14;14;MADRID;H. U. RAMON Y CAJAL;FH;2016
15;15;MADRID;H. U. 12 DE OCTUBRE;FH;2016
16;16;BARCELONA;H. U. VALL D´ HEBRON;FH;2016
17;17;MADRID;H. U. LA PAZ;AC;2016
18;18;BARCELONA;H. DE LA SANTA CREU I SANT PAU;FH;2016
19;19;MADRID;H. U. RAMON Y CAJAL;FH;2016
20;20;A CORUNA;C.H. U. A CORUNA;MICRO;2016
21;21;MADRID;H. U. 12 DE OCTUBRE;BQCLIN;2016
22;22;MADRID;H. U. LA PAZ;MICRO;2016
23;23;BARCELONA;H. CLINIC DE BARCELONA;FH;2016
24;24;BARCELONA;H. DE LA SANTA CREU I SANT PAU;FH;2016
25;25;VALENCIA;H. U. I POLITECNIC LA FE;FH;2016
26;26;VIGO;C.H. U. DE VIGO - EOXI VIGO;FH;2016
27;27;MADRID;H. U. LA PAZ;FH;2016
28;28;ALCORCON;H. U. FUNDACION ALCORCON;FH;2016
29;29;MADRID;H. U. C. SAN CARLOS;FH;2016
30;30;VALENCIA;H. U. I POLITECNIC LA FE;FH;2016
31;31;DONOSTIA;H. U. DONOSTIA;FH;2016
32;32;BARCELONA;H. U. VALL D´ HEBRON;FH;2016
33;33;SANTANDER;H. U. MARQUES DE VALDECILLA;FH;2016
34;34;ALCALA DE HENARES;H. U. PRINCIPE DE ASTURIAS;FH;2016
35;35;ELCHE;H. G. U. DE ELCHE;FH;2016
36;36;ZARAGOZA;H. U. MIGUEL SERVET;FH;2016
37;37;VITORIA-GASTEIZ;H. U. ARABA;FH;2016
38;38;MAJADAHONDA;H. U. PUERTA DE HIERRO;FH;2016
39;39;SANTA CRUZ DE TENERIFE;H.U. NTRA. SRA. DE LA CANDELARIA;FH;2016
40;40;LEON;C. A. U. DE LEON;FH;2016
41;41;SEVILLA;H. U. VIRGEN MACARENA;FH;2016
42;42;MADRID;FUNDACION JIMENEZ DIAZ;FH;2016
43;43;MADRID;H. U. 12 DE OCTUBRE;MICRO;2016
44;44;SEVILLA;H. U. VIRGEN DEL ROCIO;FH;2016
45;45;ALICANTE;H. G. U. DE ALICANTE;FH;2016
46;46;OVIEDO;H. U. CENTRAL DE ASTURIAS;FH;2016
47;47;SEVILLA;H. U. VIRGEN DEL ROCIO;FH;2016
48;48;VALENCIA;H. U. DOCTOR PESET;FH;2016
49;49;LUGO;C.H. U. XERAL-CALDE;FH;2016
50;50;ELCHE;H. G. U. DE ELCHE;FH;2016
51;51;VALENCIA;H. C. U. DE VALENCIA;FH;2016
52;52;SEVILLA;H. U. VIRGEN MACARENA;MICRO;2016
53;53;MAJADAHONDA;H. U. PUERTA DE HIERRO;FH;2016
54;54;MADRID;H. U. DE LA PRINCESA;FH;2016
55;55;PAMPLONA;C.H. DE NAVARRA;FH;2016
56;56;EL FERROL;C.H. ARQUITECTO MARCIDE;FH;2016
57;57;LA LAGUNA;H. U. DE CANARIAS;FH;2016
58;58;ALCORCON;H. U. FUNDACION ALCORCON;FH;2016
59;59;FUENLABRADA;H. U. DE FUENLABRADA;FH;2016
60;60;CORDOBA;H. U. REINA SOFIA;FH;2016
61;61;GETAFE;H. U. DE GETAFE;MICRO;2016
62;62;PONTEVEDRA;C.H. DE PONTEVEDRA;FH;2016
63;63;GETAFE;H. U. DE GETAFE;FH;2016
64;64;MADRID;H. U. 12 DE OCTUBRE;INMUNO;2016
65;65;SALAMANCA;C. A. U. SALAMANCA;FH;2016
66;66;GETAFE;H. U. DE GETAFE;FH;2016
67;67;OVIEDO;H. U. CENTRAL DE ASTURIAS;FH;2016
68;68;SALAMANCA;C. A. U. SALAMANCA;FH;2016
69;69;GRANADA;H. U. VIRGEN DE LAS NIEVES;AC;2016
70;70;ALCALA DE HENARES;H. U. PRINCIPE DE ASTURIAS;FH;2016
71;71;ZARAGOZA;H. U. MIGUEL SERVET;FH;2016
72;72;VALENCIA;H. U. DOCTOR PESET;FH;2016
73;73;ZARAGOZA;H. C. U. LOZANO BLESA;FH;2016
74;74;VALENCIA;H. G. U. DE VALENCIA;FH;2016
75;75;MOSTOLES;H. U. DE MOSTOLES;FH;2016
76;76;GUADALAJARA;H. G. U. DE GUADALAJARA;AC;2016
77;77;GIJON;H. U. DE CABUENES;FH;2016
78;78;LEGANES;H. U. SEVERO OCHOA;FH;2016
79;79;BARCELONA;H. DEL MAR- PARC DE SALUT MAR;FH;2016
80;80;VALLADOLID;H. U. DEL RIO HORTEGA;FH;2016
81;81;PALMA DE MALLORCA;H. U. SON ESPASES;MICRO;2016
82;82;LEGANES;H. U. SEVERO OCHOA;FH;2016
83;83;MOSTOLES;H. U. DE MOSTOLES;FH;2016
84;84;MADRID;H. U. C. SAN CARLOS;AC;2016
85;85;LAS PALMAS DE GRAN CANARIA;C.H.U. INSULAR MATERNO INFANTIL;FH;2016
86;86;MADRID;H. INFANTIL U. NINO JESUS;AC;2016
87;87;SEVILLA;H. U. VIRGEN MACARENA;BQCLIN;2016
88;88;PUERTO REAL;H. U. DE PUERTO REAL;FH;2016
90;90;MADRID;H. U. DE LA PRINCESA;MICRO;2016
91;91;ALCALA DE HENARES;H. U. PRINCIPE DE ASTURIAS;BQCLIN;2016
92;92;CORDOBA;H. U. REINA SOFIA;MICRO;2016
93;93;ZARAGOZA;H. U. MIGUEL SERVET;BQCLIN;2016
94;94;VALENCIA;H. C. U. DE VALENCIA;BQCLIN;2016
95;95;VALENCIA;H. ARNAU DE VILANOVA;FH;2016
96;96;GALDAKAO;H. GALDAKAO-USANSOLO;FH;2016
97;97;TOLEDO;C.H. DE TOLEDO;FH;2016
98;98;BURGOS;C. A. U. DE BURGOS;FH;2016
99;99;AVILES;H. U. SAN AGUSTIN;FH;2016
100;100;VALLADOLID;H. C. U. DE VALLADOLID;FH;2016
101;101;MALAGA;H. REGIONAL U. DE MALAGA;FH;2016
102;102;GUADALAJARA;H. G. U. DE GUADALAJARA;FH;2016
103;103;ALICANTE;H. G. U. DE ALICANTE;FH;2016
104;104;BARCELONA;H. U. VALL D´ HEBRON;FH;2016
105;105;LOGRONO;H. DE SAN PEDRO;FH;2016
106;106;PALMA DE MALLORCA;H. U. SON ESPASES;FH;2016
107;107;CADIZ;H. U. PUERTA DEL MAR;FH;2016
108;108;BARCELONA;H. DEL MAR- PARC DE SALUT MAR;FH;2016
109;109;MURCIA;H. G. U. JOSE Mª MORALES MESEGUER;FH;2016
110;110;CIUDAD REAL;H. G. U. DE CIUDAD REAL;FH;2016
111;111;CACERES;C.H. DE CACERES;FH;2016
112;112;VALLADOLID;H. C. U. DE VALLADOLID;AC;2016
113;113;CASTELLON;H. G. DE CASTELLON;FH;2016
114;114;MADRID;H. U. RAMON Y CAJAL;INMUNO;2016
115;115;PALMA DE MALLORCA;H. SON LLÀTZER;FH;2016
116;116;MATARO;H. DE MATARO;FH;2016
117;117;GRANADA;H. U. VIRGEN DE LAS NIEVES;MICRO;2016
118;118;SANTANDER;H. U. MARQUES DE VALDECILLA;FH;2016
119;119;VALENCIA;H. U. I POLITECNIC LA FE;AC;2016
120;120;AVILES;H. U. SAN AGUSTIN;BQCLIN;2016
121;121;VALENCIA;H. C. U. DE VALENCIA;MICRO;2016
122;122;MALAGA;H. REGIONAL U. DE MALAGA;AC;2016
123;123;MALAGA;H. U. VIRGEN DE LA VICTORIA;FH;2016
124;124;VALENCIA;H. G. U. DE VALENCIA;MICRO;2016
125;125;BADAJOZ;C. H. U. DE BADAJOZ;FH;2016
126;126;HOSPITALET;H. U. DE BELLVITGE;FH;2016
127;127;GRANADA;H. U. VIRGEN DE LAS NIEVES;FH;2016
128;128;PAMPLONA;C.H. DE NAVARRA;FH;2016
129;129;MALAGA;H. U. VIRGEN DE LA VICTORIA;AC;2016
130;130;EL EJIDO;H. DE PONIENTE;FH;2016
131;131;MURCIA;H. C. U. VIRGEN DE LA ARRIXACA;FH;2016
132;132;CADIZ;H. U. PUERTA DEL MAR;AC;2016
133;133;JAEN;C.H. DE JAEN;FH;2016
134;134;MALAGA;H. REGIONAL U. DE MALAGA;MICRO;2016
135;135;GETAFE;H. U. DE GETAFE;BQCLIN;2016
136;136;MARBELLA;H. COSTA DEL SOL;FH;2016
137;137;VALENCIA;H. G. U. DE VALENCIA;FH;2016
138;138;SANT JOAN DE ALICANTE;H. U. DE SANT JOAN;FH;2016
139;139;PAMPLONA;CLINICA UNIVERSIDAD DE NAVARRA;FH;2016
140;140;BADALONA;H. U. GERMANS TRIAS I PUJOL;FH;2016
141;141;SANTANDER;H. U. MARQUES DE VALDECILLA;AC;2016
142;142;MALAGA;H. U. VIRGEN DE LA VICTORIA;MICRO;2016
143;143;MADRID;H. G. U. GREGORIO MARANON;MICRO;2016
144;144;SEGOVIA;C. A. DE SEGOVIA;FH;2016
145;145;BURGOS;C. A. U. DE BURGOS;AC;2016
146;146;LOGRONO;H. DE SAN PEDRO;FH;2016
147;147;MADRID;FUNDACION JIMENEZ DIAZ;MICRO;2016
148;148;HOSPITALET;H. U. DE BELLVITGE;FH;2016
149;149;GRANADA;H. U. SAN CECILIO;FH;2016
150;150;ZARAGOZA;H. C. U. LOZANO BLESA;MICRO;2016
151;151;MOSTOLES;H. U. DE MOSTOLES;AC;2016
152;152;MADRID;H. U. RAMON Y CAJAL;BQCLIN;2016
153;153;OURENSE;C.H. DE OURENSE;FH;2016
154;154;PAMPLONA;C.H. DE NAVARRA;FH;2016
155;155;TALAVERA DE LA REINA;H. NTRA. SRA. DEL PRADO;FH;2016
156;156;TARRAGONA;H. U. DE TARRAGONA JOAN XXIII;FH;2016
157;157;CADIZ;H. U. PUERTA DEL MAR;MICRO;2016
158;158;VALENCIA;H. C. U. DE VALENCIA;MICRO;2016
159;159;CASTELLON;H. G. DE CASTELLON;FH;2016
160;160;LAS PALMAS DE GRAN CANARIA;C. H. DOCTOR NEGRIN;FH;2016
161;161;MURCIA;H.G. U. JOSE Mª MORALES MESEGUER;FH;2016
162;162;HUELVA;H. JUAN RAMON JIMENEZ;FH;2016
163;163;SALAMANCA;C. A. U. SALAMANCA;MICRO;2016
164;164;VALENCIA;H. U. DOCTOR PESET;AC;2016
165;165;MURCIA;H. G. U. REINA SOFIA DE MURCIA;FH;2016
166;166;MAJADAHONDA;H. U. PUERTA DE HIERRO;MICRO;2016
167;167;TOLEDO;C.H. DE TOLEDO;BQCLIN;2016
168;168;MADRID;H. U. DE LA PRINCESA;MICRO;2016
169;169;MURCIA;H. C. U. VIRGEN DE LA ARRIXACA;INMUNO;2016
170;170;MADRID;H. U. C. SAN CARLOS;MICRO;2016
171;171;SABADELL;CORPORACIO SANITARIA PARC TAULI;FH;2016
172;172;JAEN;C.H. DE JAEN;FH;2016
173;173;CARTAGENA;C.H.U. STA. Mª DEL ROSELL-STA. LUCIA;FH;2016
174;174;MAJADAHONDA;H. U. PUERTA DE HIERRO;BQCLIN;2016
175;175;JEREZ DE LA FRONTERA;H. DE JEREZ DE LA FRONTERA;FH;2016
176;176;VALENCIA;H. G. U. DE VALENCIA;AC;2016
177;177;MADRID;FUNDACION JIMENEZ DIAZ;INMUNO;2016
178;178;LEGANES;H. U. SEVERO OCHOA;MICRO;2016
179;179;MURCIA;H. C. U. VIRGEN DE LA ARRIXACA;AC;2016
180;180;GRANADA;H. U. SAN CECILIO;AC;2016
181;181;CARTAGENA;C.H.U. STA. Mª DEL ROSELL-STA. LUCIA;FH;2016
182;182;TERRASSA;H. U. MUTUA DE TERRASSA;FH;2016
184;184;LA LINEA DE LA CONCEPCION;H. DE LA LINEA DE LA CONCEPCION;AC;2016
185;185;GIRONA;H. U. DE GIRONA DR. JOSEP TRUETA;FH;2016
186;186;ELCHE;H. G. U. DE ELCHE;MICRO;2016
187;187;VALENCIA;H. G. U. DE VALENCIA;MICRO;2016
188;188;MURCIA;H. C. U. VIRGEN DE LA ARRIXACA;MICRO;2016
189;189;LAS PALMAS DE GRAN CANARIA;C. H. DOCTOR NEGRIN;FH;2016
190;190;VALENCIA;H. U. I POLITECNIC LA FE;MICRO;2016
191;191;GRANOLLERS;H. G. DE GRANOLLERS;FH;2016
192;192;ALZIRA;H. DE LA RIBERA;FH;2016
193;193;BARCELONA;H. DE LA SANTA CREU I SANT PAU;MICRO;2016
194;194;CUENCA;H. VIRGEN DE LA LUZ;FH;2016
195;195;VALENCIA;H. C. U. DE VALENCIA;RAD;2016
196;196;ALMERIA;C.H. TORRECARDENAS;FH;2016
197;197;BARCELONA;H. CLINIC DE BARCELONA;MICRO;2016
198;198;BARAKALDO;H. U. CRUCES;AC;2016
199;199;LEGANES;H. U. SEVERO OCHOA;BQCLIN;2016
200;200;CASTELLON;H. G. DE CASTELLON;AC;2016
201;201;MADRID;H. G. U. GREGORIO MARANON;BQCLIN;2016
202;202;GUADALAJARA;H. G. U. DE GUADALAJARA;BQCLIN;2016
203;203;PAMPLONA;CLINICA UNIVERSIDAD DE NAVARRA;FH;2016
204;204;MOSTOLES;H. U. DE MOSTOLES;MICRO;2016
205;205;GRANADA;H. U. SAN CECILIO;MICRO;2016
206;206;VALENCIA;H. U. DOCTOR PESET;MICRO;2016
207;207;ALGECIRAS;H. PUNTA DE EUROPA;FH;2016
208;208;ALICANTE;H. G. U. DE ALICANTE;AC;2016
209;209;BADALONA;H. U. GERMANS TRIAS I PUJOL;MICRO;2016
210;210;ALBACETE;AREA ESPECIALIZADA DE ALBACETE;AC;2016
211;211;ALICANTE;H. G. U. DE ALICANTE;MICRO;2016
212;212;BARCELONA;H. U. VALL D´ HEBRON;BQCLIN;2016
213;213;GRANADA;H. U. VIRGEN DE LAS NIEVES;RAD;2016
214;214;ALZIRA;H. DE LA RIBERA;MICRO;2016
215;215;ELCHE;H. G. U. DE ELCHE;AC;2016
216;216;PUERTO REAL;H. U. DE PUERTO REAL;MICRO;2016
217;217;LAS PALMAS DE GRAN CANARIA;C.H.U. INSULAR MATERNO INFANTIL;BQCLIN;2016
218;218;MADRID;H. U. LA PAZ;RAD;2016
219;219;ZARAGOZA;H. U. MIGUEL SERVET;MICRO;2016
220;220;BADALONA;H. U. GERMANS TRIAS I PUJOL;INMUNO;2016
221;221;CASTELLON;H. G. DE CASTELLON;MICRO;2016
222;222;CIUDAD REAL;H. G. U. DE CIUDAD REAL;AC;2016
223;223;PAMPLONA;C.H. DE NAVARRA;AC;2016
224;224;MERIDA;H. DE MERIDA;AC;2016
225;225;BARCELONA;H. DE LA SANTA CREU I SANT PAU;INMUNO;2016
227;227;PAMPLONA;CLINICA UNIVERSIDAD DE NAVARRA;RAD;2016
228;228;EL EJIDO;H. DE PONIENTE;AC;2016
229;229;TARRAGONA;H. U. DE TARRAGONA JOAN XXIII;AC;2016
230;230;PAMPLONA;CLINICA UNIVERSIDAD DE NAVARRA;BQCLIN;2016
231;231;LAS PALMAS DE GRAN CANARIA;C.H.U. INSULAR MATERNO INFANTIL;MICRO;2016
232;232;BARCELONA;H. U. VALL D´ HEBRON;RAD;2016
233;233;HOSPITALET;H. U. DE BELLVITGE;BQCLIN;2016
234;234;LINARES;H. SAN AGUSTIN;AC;2016
235;235;BADAJOZ;C.H. U. DE BADAJOZ;AC;2016
236;236;TERRASSA;H. U. MUTUA DE TERRASSA;AC;2016
238;238;LA LAGUNA;H. U. DE CANARIAS;BQCLIN;2016
239;239;PALMA DE MALLORCA;H. U. SON ESPASES;RAD;2016
241;241;SABADELL;CORPORACIO SANITARIA PARC TAULI;AC;2016
1;1;MADRID;H. U. LA PAZ;FH;2017
2;2;VALENCIA;H. U. I POLITECNIC LA FE;FH;2017
3;3;BARCELONA;H. DE LA SANTA CREU I SANT PAU;FH;2017
4;4;MADRID;H. G. U. GREGORIO MARANON;FH;2017
5;5;VALENCIA;H. U. I POLITECNIC LA FE;FH;2017
6;6;MADRID;H. G. U. GREGORIO MARANON;FH;2017
7;7;MADRID;H. U. LA PAZ;FH;2017
8;8;CORDOBA;H. U. REINA SOFIA;FH;2017
9;9;MADRID;H. U. 12 DE OCTUBRE;INMUNO;2017
10;10;VALENCIA;H. U. DOCTOR PESET;FH;2017
11;11;MADRID;H. U. 12 DE OCTUBRE;FH;2017
12;12;MADRID;H. U. RAMON Y CAJAL;FH;2017
13;13;GRANADA;H. U. VIRGEN DE LAS NIEVES;FH;2017
14;14;SANTA CRUZ DE TENERIFE;H.U. NTRA. SRA. DE LA CANDELARIA;FH;2017
15;15;MADRID;H. U. RAMON Y CAJAL;MICRO;2017
16;16;MARBELLA;H. COSTA DEL SOL;FH;2017
17;17;VALENCIA;H. U. DOCTOR PESET;FH;2017
18;18;BARCELONA;H. CLINIC DE BARCELONA;BQCLIN;2017
19;19;ELCHE;H. G. U. DE ELCHE;FH;2017
20;20;PAMPLONA;C.H. DE NAVARRA;FH;2017
21;21;GRANADA;H. U. SAN CECILIO;FH;2017
22;22;MALAGA;H. U. VIRGEN DE LA VICTORIA;FH;2017
23;23;BARCELONA;H. DE LA SANTA CREU I SANT PAU;FH;2017
24;24;SANTIAGO DE COMPOSTELA;C. H. U. DE SANTIAGO DE COMPOSTELA;AC;2017
25;25;PALMA DE MALLORCA;H. U. SON ESPASES;FH;2017
26;26;VALENCIA;H. CLINICO U. DE VALENCIA;FH;2017
27;27;BARCELONA;H. U. VALL D'HEBRON;FH;2017
28;28;MADRID;H. U. RAMON Y CAJAL;FH;2017
29;29;MADRID;H. U. 12 DE OCTUBRE;FH;2017
30;30;SEVILLA;H. U. VIRGEN MACARENA;FH;2017
31;31;MADRID;H. U. CLINICO SAN CARLOS;FH;2017
32;32;CASTELLON;H. G. DE CASTELLON;FH;2017
33;33;SEVILLA;H. U. VIRGEN DEL ROCIO;FH;2017
34;34;MADRID;H. U. 12 DE OCTUBRE;MICRO;2017
35;35;MURCIA;H. G. U. JOSE Mª MORALES MESEGUER;FH;2017
36;36;MAJADAHONDA;H. U. PUERTA DE HIERRO;FH;2017
37;37;MADRID;H. INFANTIL U. NINO JESUS;AC;2017
38;38;MAJADAHONDA;H. U. PUERTA DE HIERRO;BQCLIN;2017
39;39;MADRID;H. U. DE LA PRINCESA;FH;2017
40;40;SANTIAGO DE COMPOSTELA;C. H. U. DE SANTIAGO DE COMPOSTELA;FH;2017
41;41;VALENCIA;H. U. I POLITECNIC LA FE;AC;2017
42;42;MURCIA;H. G. U. JOSE Mª MORALES MESEGUER;FH;2017
43;43;GETAFE;H. U. DE GETAFE;FH;2017
44;44;MADRID;H. U. 12 DE OCTUBRE;AC;2017
45;45;OVIEDO;H. U. CENTRAL DE ASTURIAS;FH;2017
46;46;MADRID;H. G. U. GREGORIO MARANON;MICRO;2017
47;47;SEVILLA;H. U. NTRA. SRA. DE VALME;FH;2017
48;48;MURCIA;H. C. U. VIRGEN DE LA ARRIXACA;FH;2017
49;49;VALENCIA;H. CLINICO U. DE VALENCIA;MICRO;2017
50;50;CORDOBA;H. U. REINA SOFIA;FH;2017
51;51;A CORUNA;C.H. U. A CORUNA;FH;2017
52;52;SEVILLA;H. U. VIRGEN MACARENA;MICRO;2017
53;53;MADRID;H. U. LA PAZ;AC;2017
54;54;GRANADA;H. U. SAN CECILIO;MICRO;2017
55;55;MAJADAHONDA;H. U. PUERTA DE HIERRO;FH;2017
56;56;PAMPLONA;CLINICA UNIVERSIDAD DE NAVARRA;FH;2017
57;57;BARAKALDO;H. U. CRUCES;FH;2017
58;58;BARCELONA;H. U. VALL D'HEBRON;FH;2017
59;59;MAJADAHONDA;H. U. PUERTA DE HIERRO;MICRO;2017
60;60;BARCELONA;H. U. VALL D'HEBRON;FH;2017
61;61;GETAFE;H. U. DE GETAFE;FH;2017
62;62;MADRID;FUNDACION JIMENEZ DIAZ;FH;2017
63;63;SALAMANCA;C. A. U. SALAMANCA;FH;2017
64;64;MURCIA;H. C. U. VIRGEN DE LA ARRIXACA;FH;2017
65;65;MALAGA;H. REGIONAL U. DE MALAGA;FH;2017
66;66;OVIEDO;H. U. CENTRAL DE ASTURIAS;FH;2017
67;67;VALENCIA;H. ARNAU DE VILANOVA;FH;2017
68;68;MALAGA;H. REGIONAL U. DE MALAGA;MICRO;2017
69;69;ZARAGOZA;H. CLINICO U. LOZANO BLESA;FH;2017
70;70;BARCELONA;H. CLINIC DE BARCELONA;FH;2017
71;71;CASTELLON;H. G. DE CASTELLON;FH;2017
72;72;HOSPITALET;H. U. DE BELLVITGE;FH;2017
73;73;MADRID;H. U. LA PAZ;MICRO;2017
74;74;ALCALA DE HENARES;H. U. PRINCIPE DE ASTURIAS;FH;2017
75;75;ELCHE;H. G. U. DE ELCHE;FH;2017
76;76;ALICANTE;H. G. U. DE ALICANTE;FH;2017
77;77;VALENCIA;H. G. U. DE VALENCIA;FH;2017
78;78;PALMA DE MALLORCA;H. SON LLATZER;FH;2017
79;79;VALENCIA;H. G. U. DE VALENCIA;FH;2017
80;80;BARCELONA;H. CLINIC DE BARCELONA;FH;2017
81;81;MADRID;H. U. DE LA PRINCESA;MICRO;2017
82;82;VIGO;C.H. U. DE VIGO - EOXI VIGO;FH;2017
83;83;MADRID;H. G. U. GREGORIO MARANON;BQCLIN;2017
84;84;ALCORCON;H. U. FUNDACION ALCORCON;FH;2017
85;85;SEVILLA;H. U. VIRGEN DEL ROCIO;FH;2017
86;86;LUGO;C.H.U. XERAL-CALDE;FH;2017
87;87;SANTA CRUZ DE TENERIFE;H.U. NTRA. SRA. DE LA CANDELARIA;FH;2017
88;88;HOSPITALET;H. U. DE BELLVITGE;FH;2017
89;89;ALCORCON;H. U. FUNDACION ALCORCON;FH;2017
90;90;FUENLABRADA;H. U. DE FUENLABRADA;FH;2017
91;91;ALICANTE;H. G. U. DE ALICANTE;FH;2017
92;92;SANTANDER;H. U. MARQUES DE VALDECILLA;FH;2017
93;93;VALENCIA;H. CLINICO U. DE VALENCIA;BQCLIN;2017
94;94;PUERTO REAL;H. U. DE PUERTO REAL;FH;2017
95;95;CACERES;C.H. DE CACERES;FH;2017
96;96;BADALONA;H. U. GERMANS TRIAS I PUJOL;INMUNO;2017
97;97;PONTEVEDRA;C.H. DE PONTEVEDRA;FH;2017
98;98;JAEN;C.H. DE JAEN;FH;2017
99;99;LAS PALMAS DE GRAN CANARIA;C. H. DOCTOR NEGRIN;FH;2017
100;100;OURENSE;C.H. DE OURENSE;FH;2017
101;101;GETAFE;H. U. DE GETAFE;BQCLIN;2017
102;102;JEREZ DE LA FRONTERA;H. DE JEREZ DE LA FRONTERA;FH;2017
103;103;SEVILLA;H. U. NTRA. SRA. DE VALME;MICRO;2017
104;104;BADAJOZ;C.H. U. DE BADAJOZ;FH;2017
105;105;MOSTOLES;H. U. DE MOSTOLES;FH;2017
106;106;MADRID;H. U. DE LA PRINCESA;MICRO;2017
107;107;LAS PALMAS DE GRAN CANARIA;C. H. DOCTOR NEGRIN;FH;2017
108;108;PAMPLONA;C.H. DE NAVARRA;FH;2017
109;109;VALENCIA;H. U. DOCTOR PESET;AC;2017
110;110;FUENLABRADA;H. U. DE FUENLABRADA;AC;2017
111;111;MADRID;H. U. LA PAZ;MICRO;2017
112;112;CADIZ;H. U. PUERTA DEL MAR;FH;2017
113;113;ALCALA DE HENARES;H. U. PRINCIPE DE ASTURIAS;FH;2017
114;114;LEGANES;H. U. SEVERO OCHOA;FH;2017
115;115;SEVILLA;H. U. NTRA. SRA. DE VALME;AC;2017
116;116;LEON;C. A. U. DE LEON;FH;2017
117;117;SANT JOAN DE ALICANTE;H. U. DE SANT JOAN;FH;2017
118;118;MADRID;H. U. CLINICO SAN CARLOS;AC;2017
119;119;MALAGA;H. U. VIRGEN DE LA VICTORIA;MICRO;2017
120;120;TOLEDO;C.H. DE TOLEDO;FH;2017
121;121;MURCIA;H. C. U. VIRGEN DE LA ARRIXACA;MICRO;2017
122;122;LAS PALMAS DE GRAN CANARIA;C.H.U. INSULAR MATERNO INFANTIL;FH;2017
123;123;BARCELONA;H. DEL MAR- PARC DE SALUT MAR;FH;2017
124;124;LEGANES;H. U. SEVERO OCHOA;FH;2017
125;125;GIRONA;H. U. DE GIRONA DR. JOSEP TRUETA;FH;2017
126;126;VALENCIA;H. U. I POLITECNIC LA FE;MICRO;2017
127;127;ALGECIRAS;H. PUNTA DE EUROPA;FH;2017
128;128;VALENCIA;H. G. U. DE VALENCIA;AC;2017
129;129;PAMPLONA;CLINICA UNIVERSIDAD DE NAVARRA;FH;2017
130;130;FERROL;C.H. ARQUITECTO MARCIDE;FH;2017
131;131;VALLADOLID;H. CLINICO U. DE VALLADOLID;FH;2017
132;132;DONOSTIA;H. U. DONOSTIA;FH;2017
133;133;MURCIA;H. C. U. VIRGEN DE LA ARRIXACA;AC;2017
134;134;MURCIA;H. G. U. REINA SOFIA DE MURCIA;FH;2017
135;135;MOSTOLES;H. U. DE MOSTOLES;FH;2017
136;136;CARTAGENA;C.H.U. STA. Mª DEL ROSELL-STA. LUCIA;FH;2017
137;137;VALENCIA;H. CLINICO U. DE VALENCIA;MICRO;2017
138;138;ALZIRA;H. DE LA RIBERA;FH;2017
139;139;MADRID;FUNDACION JIMENEZ DIAZ;MICRO;2017
140;140;GUADALAJARA;H. G. U. DE GUADALAJARA;FH;2017
141;141;MALAGA;H. REGIONAL U. DE MALAGA;AC;2017
142;142;GUADALAJARA;H. G. U. DE GUADALAJARA;FH;2017
143;143;ALBACETE;AREA ESPECIALIZADA DE ALBACETE;FH;2017
144;144;BARCELONA;H. CLINIC DE BARCELONA;MICRO;2017
145;145;VALLADOLID;H. U. DEL RIO HORTEGA;FH;2017
146;146;ALICANTE;H. G. U. DE ALICANTE;AC;2017
147;147;TOLEDO;C.H. DE TOLEDO;AC;2017
148;148;ALBACETE;AREA ESPECIALIZADA DE ALBACETE;FH;2017
149;149;BARCELONA;H. DEL MAR- PARC DE SALUT MAR;FH;2017
150;150;MOSTOLES;H. U. DE MOSTOLES;AC;2017
151;151;CUENCA;H. VIRGEN DE LA LUZ;FH;2017
152;152;CASTELLON;H. G. DE CASTELLON;AC;2017
153;153;HOSPITALET;H. U. DE BELLVITGE;MICRO;2017
154;154;ALMERIA;C.H. TORRECARDENAS;FH;2017
155;155;MADRID;H. U. CLINICO SAN CARLOS;MICRO;2017
156;156;CORDOBA;H. U. REINA SOFIA;MICRO;2017
157;157;MOSTOLES;H. U. DE MOSTOLES;MICRO;2017
158;158;BARCELONA;H. U. VALL D'HEBRON;MICRO;2017
159;159;CADIZ;H. U. PUERTA DEL MAR;FH;2017
160;160;SANTANDER;H. U. MARQUES DE VALDECILLA;FH;2017
161;161;VALENCIA;H. U. DOCTOR PESET;BQCLIN;2017
162;162;BURGOS;COMPLEJO ASISTENCIAL U. DE BURGOS;FH;2017
163;163;VALENCIA;H. G. U. DE VALENCIA;MICRO;2017
164;164;LEGANES;H. U. SEVERO OCHOA;BQCLIN;2017
165;165;PALMA DE MALLORCA;H. U. SON ESPASES;AC;2017
166;166;BADALONA;H. U. GERMANS TRIAS I PUJOL;FH;2017
167;167;MALAGA;H. U. VIRGEN DE LA VICTORIA;AC;2017
168;168;GRANADA;H. U. VIRGEN DE LAS NIEVES;MICRO;2017
169;169;TOLEDO;C.H. DE TOLEDO;BQCLIN;2017
170;170;TALAVERA DE LA REINA;H. NUESTRA SRA. DEL PRADO;FH;2017
171;171;VALLADOLID;H. CLINICO U. DE VALLADOLID;MICRO;2017
172;172;CIUDAD REAL;H. G. U. DE CIUDAD REAL;AC;2017
173;173;ZARAGOZA;H. U. MIGUEL SERVET;FH;2017
174;174;GIJON;H. U. DE CABUENES;AC;2017
175;175;ZARAGOZA;H. U. MIGUEL SERVET;FH;2017
176;176;HUELVA;H. JUAN RAMON JIMENEZ;FH;2017
177;177;CADIZ;H. U. PUERTA DEL MAR;MICRO;2017
178;178;BADALONA;H. U. GERMANS TRIAS I PUJOL;AC;2017
179;179;PAMPLONA;CLINICA UNIVERSIDAD DE NAVARRA;BQCLIN;2017
180;180;MATARO;H. DE MATARO;FH;2017
181;181;VALENCIA;H. U. DOCTOR PESET;MICRO;2017
182;182;ELCHE;H. G. U. DE ELCHE;MICRO;2017
183;183;CASTELLON;H. G. DE CASTELLON;MICRO;2017
184;184;PAMPLONA;C.H. DE NAVARRA;FH;2017
185;185;MADRID;FUNDACION JIMENEZ DIAZ;INMUNO;2017
186;186;GRANADA;H. U. VIRGEN DE LAS NIEVES;AC;2017
187;187;GIJON;H. U. DE CABUENES;FH;2017
188;188;ALBACETE;AREA ESPECIALIZADA DE ALBACETE;MICRO;2017
189;189;JAEN;C.H. DE JAEN;FH;2017
190;190;CIUDAD REAL;H. G. U. DE CIUDAD REAL;FH;2017
191;191;CIUDAD REAL;H. G. U. DE CIUDAD REAL;FH;2017
192;192;ESPLUGES DE LLOBREGAT;H. U. SANT JOAN DE DEU;BQCLIN;2017
193;193;CUENCA;H. VIRGEN DE LA LUZ;AC;2017
194;194;BILBAO;H. U. BASURTO;FH;2017
195;195;LOGRONO;H. DE SAN PEDRO;FH;2017
196;196;ALICANTE;H. G. U. DE ALICANTE;MICRO;2017
197;197;AVILES;H. U. SAN AGUSTIN;FH;2017
198;198;SABADELL;CORPORACIO SANITARIA PARC TAULI;AC;2017
199;199;DONOSTIA;H. U. DONOSTIA;MICRO;2017
200;200;LEON;C. A. U. DE LEON;AC;2017
201;201;ELCHE;H. G. U. DE ELCHE;AC;2017
202;202;ALCAZAR DE SAN JUAN;C.H. LA MANCHA CENTRO;FH;2017
203;203;GALDAKAO;H. GALDAKAO-USANSOLO;FH;2017
204;204;ZARAGOZA;H. U. MIGUEL SERVET;MICRO;2017
205;205;PUERTO REAL;H. U. DE PUERTO REAL;MICRO;2017
206;206;SABADELL;CORPORACIO SANITARIA PARC TAULI;FH;2017
207;207;LOGRONO;H. DE SAN PEDRO;FH;2017
208;208;BURGOS;COMPLEJO ASISTENCIAL U. DE BURGOS;AC;2017
209;209;VITORIA-GASTEIZ;H. U. ARABA;FH;2017
210;210;TERRASSA;H. U. MUTUA DE TERRASSA;FH;2017
211;211;SEVILLA;H. U. VIRGEN MACARENA;BQCLIN;2017
212;212;LUGO;C.H.U. XERAL-CALDE;AC;2017
213;213;PONTEVEDRA;C.H. DE PONTEVEDRA;MICRO;2017
214;214;PAMPLONA;C.H. DE NAVARRA;AC;2017
215;215;ALZIRA;H. DE LA RIBERA;AC;2017
216;216;MADRID;H. U. LA PAZ;RAD;2017
217;217;ALCOY;H. VIRGEN DE LOS LIRIOS DE ALCOY;AC;2017
218;218;BARAKALDO;H. U. CRUCES;AC;2017
219;219;GRANOLLERS;H. G. DE GRANOLLERS;FH;2017
220;220;SANTANDER;H. U. MARQUES DE VALDECILLA;MICRO;2017
221;221;CADIZ;H. U. PUERTA DEL MAR;AC;2017
222;222;LINARES;H. SAN AGUSTIN;AC;2017
223;223;PAMPLONA;CLINICA UNIVERSIDAD DE NAVARRA;MICRO;2017
224;224;CARTAGENA;C.H.U. STA. Mª DEL ROSELL-STA. LUCIA;AC;2017
225;225;LA LAGUNA;H. U. DE CANARIAS;FH;2017
226;226;EL EJIDO;H. DE PONIENTE;FH;2017
227;227;VALENCIA;H. CLINICO U. DE VALENCIA;RAD;2017
228;228;GRANADA;H. U. SAN CECILIO;AC;2017
229;229;PAMPLONA;C.H. DE NAVARRA;MICRO;2017
230;230;ELDA;H. G. DE ELDA;AC;2017
231;231;TERRASSA;H. U. MUTUA DE TERRASSA;AC;2017
232;232;EL EJIDO;H. DE PONIENTE;AC;2017
233;233;PALMA DE MALLORCA;H. U. SON ESPASES;MICRO;2017
234;234;HOSPITALET;H. U. DE BELLVITGE;RAD;2017
235;235;LAS PALMAS DE GRAN CANARIA;C. H. DOCTOR NEGRIN;MICRO;2017
236;236;BADAJOZ;C.H. U. DE BADAJOZ;MICRO;2017
237;237;LA LINEA DE LA CONCEPCION;H. DE LA LINEA DE LA CONCEPCION;AC;2017
238;238;LA LAGUNA;H. U. DE CANARIAS;BQCLIN;2017
239;239;BARCELONA;H. U. VALL D'HEBRON;RAD;2017
1;1;MADRID;H. GENERAL UNIVERSITARIO GREGORIO MARANON;FH;2018
2;2;MADRID;H. UNIVERSITARIO LA PAZ;FH;2018
3;3;MURCIA;H. CLINICO UNIVERSITARIO VIRGEN DE LA ARRIXACA DE MURCIA;FH;2018
4;4;SANTIAGO DE COMPOSTELA;C.H. UNIVERSITARIO DE SANTIAGO DE COMPOSTELA;FH;2018
5;5;SALAMANCA;COMPLEJO ASISTENCIAL UNIVERSITARIO DE SALAMANCA;FH;2018
6;6;SANTIAGO DE COMPOSTELA;C.H. UNIVERSITARIO DE SANTIAGO DE COMPOSTELA;MICRO;2018
7;7;SALAMANCA;COMPLEJO ASISTENCIAL UNIVERSITARIO DE SALAMANCA;FH;2018
8;8;MADRID;H. UNIVERSITARIO LA PAZ;FH;2018
9;9;A CORUNA;C.H. UNIVERSITARIO A CORUNA;FH;2018
10;10;MADRID;H. UNIVERSITARIO RAMON Y CAJAL;MICRO;2018
11;11;SEVILLA;H. UNIVERSITARIO NTRA. SRA. DE VALME;FH;2018
12;12;MADRID;H. GENERAL UNIVERSITARIO GREGORIO MARANON;FH;2018
13;13;GRANADA;H. UNIVERSITARIO VIRGEN DE LAS NIEVES;FH;2018
14;14;MADRID;H. UNIVERSITARIO 12 DE OCTUBRE;FH;2018
15;15;MURCIA;H.GENERAL UNIVERSITARIO JOSE Mª MORALES MESEGUER DE MURCIA;FH;2018
16;16;MADRID;H. UNIVERSITARIO RAMON Y CAJAL;FH;2018
17;17;MADRID;H. UNIVERSITARIO 12 DE OCTUBRE;MICRO;2018
18;18;MADRID;H. INFANTIL UNIVERSITARIO NINO JESUS;AC;2018
19;19;BARCELONA;H. CLINIC DE BARCELONA;INMUNO;2018
20;20;VALENCIA;H. UNIVERSITARI I POLITECNIC LA FE;FH;2018
21;21;MADRID;H. UNIVERSITARIO 12 DE OCTUBRE;FH;2018
22;22;OVIEDO;H. UNIVERSITARIO CENTRAL DE ASTURIAS;MICRO;2018
23;23;VALENCIA;H. CLINICO UNIVERSITARIO DE VALENCIA;MICRO;2018
24;24;VALENCIA;H. UNIVERSITARI I POLITECNIC LA FE;FH;2018
25;25;MADRID;H. UNIVERSITARIO 12 DE OCTUBRE;AC;2018
26;26;PONTEVEDRA;C.H. DE PONTEVEDRA;FH;2018
27;27;BARCELONA;H. CLINIC DE BARCELONA;FH;2018
28;28;HOSPITALET;H. UNIVERSITARI DE BELLVITGE;FH;2018
29;29;MADRID;H. UNIVERSITARIO CLINICO SAN CARLOS;AC;2018
30;30;MADRID;H. UNIVERSITARIO CLINICO SAN CARLOS;FH;2018
31;31;OVIEDO;H. UNIVERSITARIO CENTRAL DE ASTURIAS;FH;2018
32;32;GETAFE;H. UNIVERSITARIO DE GETAFE;FH;2018
33;33;PAMPLONA;CLINICA UNIVERSIDAD DE NAVARRA;MICRO;2018
34;34;BARCELONA;H. UNIVERSITARIO VALL D´ HEBRON;FH;2018
35;35;VALENCIA;H. UNIVERSITARIO DOCTOR PESET;FH;2018
36;36;GETAFE;H. UNIVERSITARIO DE GETAFE;FH;2018
37;37;MADRID;H. UNIVERSITARIO RAMON Y CAJAL;FH;2018
38;38;BARCELONA;H. CLINIC DE BARCELONA;FH;2018
39;39;VALENCIA;H. UNIVERSITARIO DOCTOR PESET;FH;2018
40;40;EL EJIDO;H. DE PONIENTE;AC;2018
41;41;MAJADAHONDA;H. UNIVERSITARIO PUERTA DE HIERRO;FH;2018
42;42;BARCELONA;H. UNIVERSITARIO VALL D´ HEBRON;FH;2018
43;43;CASTELLON;H. GENERAL DE CASTELLON;MICRO;2018
44;44;MURCIA;H. CLINICO UNIVERSITARIO VIRGEN DE LA ARRIXACA DE MURCIA;FH;2018
45;45;SEVILLA;H. UNIVERSITARIO VIRGEN MACARENA;AC;2018
46;46;ALCORCON;H. UNIVERSITARIO FUNDACION ALCORCON;FH;2018
47;47;CASTELLON;H. GENERAL DE CASTELLON;FH;2018
48;48;VIGO;C.H. UNIVERSITARIO DE VIGO - EOXI VIGO;FH;2018
49;49;MALAGA;H. UNIVERSITARIO VIRGEN DE LA VICTORIA;FH;2018
50;50;MAJADAHONDA;H. UNIVERSITARIO PUERTA DE HIERRO;MICRO;2018
51;51;MADRID;H. UNIVERSITARIO LA PAZ;AC;2018
52;52;BARCELONA;H. UNIVERSITARIO VALL D´ HEBRON;FH;2018
53;53;SEVILLA;H. UNIVERSITARIO VIRGEN DEL ROCIO;FH;2018
54;54;SEVILLA;H. UNIVERSITARIO VIRGEN DEL ROCIO;FH;2018
55;55;VALENCIA;H. UNIVERSITARI I POLITECNIC LA FE;AC;2018
56;56;SANTANDER;H. UNIVERSITARIO MARQUES DE VALDECILLA;AC;2018
57;57;BARCELONA;H. DEL MAR- PARC DE SALUT MAR;FH;2018
58;58;MADRID;H. UNIVERSITARIO DE LA PRINCESA;FH;2018
59;59;CARTAGENA;C.H.UNIVERSITARIO STA. Mª DEL ROSELL - STA. LUCIA DE CARTAGENA;FH;2018
60;60;ESPLUGES DE LLOBREGAT;H. UNIVERSITARI SANT JOAN DE DEU;FH;2018
61;61;ELCHE;H. GENERAL UNIVERSITARIO DE ELCHE;FH;2018
62;62;BARAKALDO;H. UNIVERSITARIO CRUCES;FH;2018
63;63;MALAGA;H. UNIVERSITARIO VIRGEN DE LA VICTORIA;AC;2018
64;64;MAJADAHONDA;H. UNIVERSITARIO PUERTA DE HIERRO;FH;2018
65;65;OVIEDO;H. UNIVERSITARIO CENTRAL DE ASTURIAS;FH;2018
66;66;OURENSE;C.H. DE OURENSE;FH;2018
67;67;ZARAGOZA;H. UNIVERSITARIO MIGUEL SERVET;FH;2018
68;68;TERRASSA;H. UNIVERSITARI MUTUA DE TERRASSA;MICRO;2018
69;69;VALENCIA;H. GENERAL UNIVERSITARIO DE VALENCIA;MICRO;2018
70;70;BARAKALDO;H. UNIVERSITARIO CRUCES;FH;2018
71;71;LEON;COMPLEJO ASISTENCIAL UNIVERSITARIO DE LEON;FH;2018
72;72;DONOSTIA;H. UNIVERSITARIO DONOSTIA;FH;2018
73;73;VALENCIA;H. CLINICO UNIVERSITARIO DE VALENCIA;FH;2018
74;74;ALBACETE;AREA ESPECIALIZADA DE ALBACETE;FH;2018
75;75;FUENLABRADA;H. UNIVERSITARIO DE FUENLABRADA;AC;2018
76;76;ZARAGOZA;H. UNIVERSITARIO MIGUEL SERVET;FH;2018
77;77;GALDAKAO;H. GALDAKAO-USANSOLO;FH;2018
78;78;MADRID;H. UNIVERSITARIO DE LA PRINCESA;AC;2018
79;79;HOSPITALET;H. UNIVERSITARI DE BELLVITGE;FH;2018
80;80;GRANADA;H. UNIVERSITARIO VIRGEN DE LAS NIEVES;AC;2018
81;81;VALLADOLID;H. UNIVERSITARIO DEL RIO HORTEGA;FH;2018
82;82;MADRID;H. UNIVERSITARIO 12 DE OCTUBRE;BQCLIN;2018
83;83;ALCORCON;H. UNIVERSITARIO FUNDACION ALCORCON;FH;2018
84;84;BARCELONA;H. DE LA SANTA CREU I SANT PAU;FH;2018
85;85;CORDOBA;H. UNIVERSITARIO REINA SOFIA;FH;2018
86;86;SEVILLA;H. UNIVERSITARIO VIRGEN MACARENA;FH;2018
87;87;SANTA CRUZ DE TENERIFE;H.UNIVERSITARIO NUESTRA SENORA DE LA CANDELARIA;FH;2018
88;88;MADRID;H. UNIVERSITARIO LA PAZ;MICRO;2018
89;89;CORDOBA;H. UNIVERSITARIO REINA SOFIA;FH;2018
90;90;VALENCIA;H. GENERAL UNIVERSITARIO DE VALENCIA;AC;2018
91;91;MADRID;FUNDACION JIMENEZ DIAZ;FH;2018
92;92;ALCORCON;H. UNIVERSITARIO FUNDACION ALCORCON;AC;2018
93;93;VALLADOLID;H. UNIVERSITARIO DEL RIO HORTEGA;AC;2018
94;94;SEVILLA;H. UNIVERSITARIO VIRGEN MACARENA;FH;2018
95;95;MURCIA;H. CLINICO UNIVERSITARIO VIRGEN DE LA ARRIXACA DE MURCIA;AC;2018
96;96;VALENCIA;H. GENERAL UNIVERSITARIO DE VALENCIA;FH;2018
97;97;MADRID;H. UNIVERSITARIO DE LA PRINCESA;MICRO;2018
98;98;BARCELONA;H. DE LA SANTA CREU I SANT PAU;FH;2018
99;99;ELCHE;H. GENERAL UNIVERSITARIO DE ELCHE;FH;2018
100;100;EL EJIDO;H. DE PONIENTE;FH;2018
101;101;MALAGA;H. UNIVERSITARIO VIRGEN DE LA VICTORIA;FH;2018
102;102;ALICANTE;H. GENERAL UNIVERSITARIO DE ALICANTE;FH;2018
103;103;CARTAGENA;C.H.UNIVERSITARIO STA. Mª DEL ROSELL - STA. LUCIA DE CARTAGENA;FH;2018
104;104;LAS PALMAS DE GRAN CANARIA;C. H. DOCTOR NEGRIN;FH;2018
105;105;VALENCIA;H. CLINICO UNIVERSITARIO DE VALENCIA;MICRO;2018
106;106;VALENCIA;H. UNIVERSITARI I POLITECNIC LA FE;MICRO;2018
107;107;ALICANTE;H. GENERAL UNIVERSITARIO DE ALICANTE;FH;2018
108;108;CASTELLON;H. GENERAL DE CASTELLON;FH;2018
109;109;GRANADA;H. UNIVERSITARIO SAN CECILIO;FH;2018
110;110;SANTA CRUZ DE TENERIFE;H.UNIVERSITARIO NUESTRA SENORA DE LA CANDELARIA;FH;2018
111;111;ALCALA DE HENARES;H. UNIVERSITARIO PRINCIPE DE ASTURIAS;FH;2018
112;112;MAJADAHONDA;H. UNIVERSITARIO PUERTA DE HIERRO;MICRO;2018
113;113;ALCALA DE HENARES;H. UNIVERSITARIO PRINCIPE DE ASTURIAS;FH;2018
114;114;DONOSTIA;H. UNIVERSITARIO DONOSTIA;MICRO;2018
115;115;VALENCIA;H. GENERAL UNIVERSITARIO DE VALENCIA;FH;2018
116;116;SANT JOAN DE ALICANTE;H. UNIVERSITARIO DE SANT JOAN;FH;2018
117;117;VALENCIA;H. ARNAU DE VILANOVA;FH;2018
118;118;VALENCIA;H. UNIVERSITARIO DOCTOR PESET;AC;2018
119;119;CIUDAD REAL;H. GENERAL UNIVERSITARIO DE CIUDAD REAL;FH;2018
120;120;FUENLABRADA;H. UNIVERSITARIO DE FUENLABRADA;FH;2018
121;121;MURCIA;H. GENERAL UNIVERSITARIO REINA SOFIA DE MURCIA;FH;2018
122;122;SANTANDER;H. UNIVERSITARIO MARQUES DE VALDECILLA;FH;2018
123;123;LEGANES;H. UNIVERSITARIO SEVERO OCHOA;FH;2018
124;124;SEVILLA;H. UNIVERSITARIO NTRA. SRA. DE VALME;FH;2018
125;125;TOLEDO;C.H. DE TOLEDO;AC;2018
126;126;ZARAGOZA;H. CLINICO UNIVERSITARIO LOZANO BLESA;FH;2018
127;127;MOSTOLES;H. UNIVERSITARIO DE MOSTOLES;FH;2018
128;128;VALLADOLID;H. CLINICO UNIVERSITARIO DE VALLADOLID;FH;2018
129;129;ALICANTE;H. GENERAL UNIVERSITARIO DE ALICANTE;AC;2018
130;130;GIJON;H. UNIVERSITARIO DE CABUENES;FH;2018
131;131;LUGO;C.H. UNIVERSITARIO DE LUGO;FH;2018
132;132;PALMA DE MALLORCA;H. UNIVERSITARIO SON ESPASES;FH;2018
133;133;MADRID;FUNDACION JIMENEZ DIAZ;MICRO;2018
134;134;DONOSTIA;H. UNIVERSITARIO DONOSTIA;FH;2018
135;135;LEGANES;H. UNIVERSITARIO SEVERO OCHOA;FH;2018
136;136;PAMPLONA;C.H. DE NAVARRA;FH;2018
137;137;ALCALA DE HENARES;H. UNIVERSITARIO PRINCIPE DE ASTURIAS;BQCLIN;2018
138;138;VALENCIA;H. UNIVERSITARIO DOCTOR PESET;MICRO;2018
139;139;CASTELLON;H. GENERAL DE CASTELLON;AC;2018
140;140;HOSPITALET;H. UNIVERSITARI DE BELLVITGE;MICRO;2018
141;141;MALAGA;H. REGIONAL UNIVERSITARIO DE MALAGA;FH;2018
142;142;ALMERIA;C.H. TORRECARDENAS;FH;2018
143;143;MATARO;H. DE MATARO, CENTRE SANITARI MARESME;FH;2018
144;144;GALDAKAO;H. GALDAKAO-USANSOLO;FH;2018
145;145;PONTEVEDRA;C.H. DE PONTEVEDRA;AC;2018
146;146;MOSTOLES;H. UNIVERSITARIO DE MOSTOLES;FH;2018
147;147;MADRID;H. UNIVERSITARIO CLINICO SAN CARLOS;MICRO;2018
148;148;AVILES;H. UNIVERSITARIO SAN AGUSTIN;FH;2018
149;149;FERROL;C.H. ARQUITECTO MARCIDE-PROFESOR NOVOA SANTOS;FH;2018
150;150;TOLEDO;C.H. DE TOLEDO;FH;2018
151;151;MADRID;H. UNIVERSITARIO RAMON Y CAJAL;INMUNO;2018
152;152;ELCHE;H. GENERAL UNIVERSITARIO DE ELCHE;AC;2018
153;153;GUADALAJARA;H. GENERAL UNIVERSITARIO DE GUADALAJARA;FH;2018
154;154;CIUDAD REAL;H. GENERAL UNIVERSITARIO DE CIUDAD REAL;FH;2018
155;155;GETAFE;H. UNIVERSITARIO DE GETAFE;MICRO;2018
156;156;SANTANDER;H. UNIVERSITARIO MARQUES DE VALDECILLA;FH;2018
157;157;CADIZ;H. UNIVERSITARIO PUERTA DEL MAR;FH;2018
158;158;PAMPLONA;C.H. DE NAVARRA;AC;2018
159;159;VALLADOLID;H. CLINICO UNIVERSITARIO DE VALLADOLID;FH;2018
160;160;BILBAO;H. UNIVERSITARIO BASURTO;FH;2018
161;161;JAEN;C.H. DE JAEN;FH;2018
162;162;ELDA;H. GENERAL DE ELDA;AC;2018
163;163;MALAGA;H. REGIONAL UNIVERSITARIO DE MALAGA;AC;2018
164;164;SEVILLA;H. UNIVERSITARIO VIRGEN DEL ROCIO;AC;2018
165;165;PAMPLONA;C.H. DE NAVARRA;FH;2018
166;166;MALAGA;H. REGIONAL UNIVERSITARIO DE MALAGA;MICRO;2018
168;168;PUERTO REAL;H. UNIVERSITARIO DE PUERTO REAL;FH;2018
169;169;BARCELONA;H. DEL MAR- PARC DE SALUT MAR;FH;2018
170;170;ALZIRA;H. DE LA RIBERA;MICRO;2018
171;171;LAS PALMAS DE GRAN CANARIA;C. H. DOCTOR NEGRIN;MICRO;2018
172;172;ZARAGOZA;H. UNIVERSITARIO MIGUEL SERVET;BQCLIN;2018
173;173;MADRID;FUNDACION JIMENEZ DIAZ;INMUNO;2018
174;174;BILBAO;H. UNIVERSITARIO BASURTO;FH;2018
175;175;MARBELLA;H. COSTA DEL SOL;FH;2018
176;176;MADRID;H. GENERAL UNIVERSITARIO GREGORIO MARANON;BQCLIN;2018
177;177;ALZIRA;H. DE LA RIBERA;FH;2018
178;178;BADALONA;H. UNIVERSITARI GERMANS TRIAS I PUJOL;FH;2018
179;179;CADIZ;H. UNIVERSITARIO PUERTA DEL MAR;FH;2018
180;180;GUADALAJARA;H. GENERAL UNIVERSITARIO DE GUADALAJARA;AC;2018
181;181;SANTIAGO DE COMPOSTELA;C.H. UNIVERSITARIO DE SANTIAGO DE COMPOSTELA;AC;2018
182;182;HUELVA;H. JUAN RAMON JIMENEZ;FH;2018
183;183;ALCAZAR DE SAN JUAN;C.H. LA MANCHA CENTRO;FH;2018
184;184;MALAGA;H. UNIVERSITARIO VIRGEN DE LA VICTORIA;MICRO;2018
185;185;PALMA DE MALLORCA;H. SON LLÀTZER;FH;2018
186;186;VALLADOLID;H. UNIVERSITARIO DEL RIO HORTEGA;FH;2018
187;187;GRANADA;H. UNIVERSITARIO SAN CECILIO;AC;2018
188;188;MURCIA;H.GENERAL UNIVERSITARIO JOSE Mª MORALES MESEGUER DE MURCIA;MICRO;2018
189;189;PAMPLONA;C.H. DE NAVARRA;FH;2018
190;190;ELCHE;H. GENERAL UNIVERSITARIO DE ELCHE;MICRO;2018
191;191;JEREZ DE LA FRONTERA;H. DE JEREZ DE LA FRONTERA;FH;2018
192;192;CADIZ;H. UNIVERSITARIO PUERTA DEL MAR;AC;2018
193;193;VALENCIA;H. CLINICO UNIVERSITARIO DE VALENCIA;BQCLIN;2018
194;194;GRANADA;H. UNIVERSITARIO SAN CECILIO;MICRO;2018
195;195;BARCELONA;H. UNIVERSITARI SAGRAT COR;FH;2018
196;196;BADAJOZ;C.H. UNIVERSITARIO DE BADAJOZ;FH;2018
197;197;ALBACETE;AREA ESPECIALIZADA DE ALBACETE;MICRO;2018
198;198;CACERES;C.H. DE CACERES;FH;2018
199;199;BADALONA;H. UNIVERSITARI GERMANS TRIAS I PUJOL;FH;2018
200;200;MADRID;H. UNIVERSITARIO LA PAZ;RAD;2018
201;201;ALGECIRAS;AREA SANITARIA CAMPO DE GIBRALTAR - H. PUNTA DE EUROPA;FH;2018
202;202;LAS PALMAS DE GRAN CANARIA;C. H. DOCTOR NEGRIN;FH;2018
203;203;LOGRONO;H. DE SAN PEDRO;AC;2018
204;204;GUADALAJARA;H. GENERAL UNIVERSITARIO DE GUADALAJARA;FH;2018
205;205;TALAVERA DE LA REINA;H. NUESTRA SRA. DEL PRADO;FH;2018
206;206;MADRID;H. UNIVERSITARIO RAMON Y CAJAL;BQCLIN;2018
207;207;HOSPITALET;H. UNIVERSITARI DE BELLVITGE;INMUNO;2018
208;208;TARRAGONA;H. UNIVERSITARI DE TARRAGONA JOAN XXIII;FH;2018
209;209;GIRONA;H. UNIVERSITARI DE GIRONA DR. JOSEP TRUETA;FH;2018
210;210;DONOSTIA;H. UNIVERSITARIO DONOSTIA;AC;2018
211;211;CADIZ;H. UNIVERSITARIO PUERTA DEL MAR;MICRO;2018
212;212;GRANADA;H. UNIVERSITARIO VIRGEN DE LAS NIEVES;MICRO;2018
213;213;LEON;COMPLEJO ASISTENCIAL UNIVERSITARIO DE LEON;FH;2018
214;214;HUELVA;H. JUAN RAMON JIMENEZ;AC;2018
215;215;TERRASSA;H. UNIVERSITARI MUTUA DE TERRASSA;FH;2018
216;216;CIUDAD REAL;H. GENERAL UNIVERSITARIO DE CIUDAD REAL;AC;2018
217;217;LOGRONO;H. DE SAN PEDRO;FH;2018
218;218;GRANOLLERS;H. GENERAL DE GRANOLLERS;FH;2018
219;219;PAMPLONA;CLINICA UNIVERSIDAD DE NAVARRA;FH;2018
220;220;VITORIA-GASTEIZ;H. UNIVERSITARIO ARABA;FH;2018
221;221;BURGOS;COMPLEJO ASISTENCIAL UNIVERSITARIO DE BURGOS;FH;2018
222;222;SABADELL;CORPORACIO SANITARIA PARC TAULI;FH;2018
223;223;CADIZ;H. UNIVERSITARIO PUERTA DEL MAR;BQCLIN;2018
224;224;SANT CUGAT DEL VALLES;CAPIO H. GENERAL DE CATALUNYA;FH;2018
225;225;CUENCA;H. VIRGEN DE LA LUZ;FH;2018
226;226;PALMA DE MALLORCA;H. UNIVERSITARIO SON ESPASES;AC;2018
227;227;SEGOVIA;COMPLEJO ASISTENCIAL DE SEGOVIA;FH;2018
228;228;TARRAGONA;H. UNIVERSITARI DE TARRAGONA JOAN XXIII;AC;2018
229;229;GUADALAJARA;H. GENERAL UNIVERSITARIO DE GUADALAJARA;MICRO;2018
230;230;CORDOBA;H. UNIVERSITARIO REINA SOFIA;MICRO;2018
231;231;LEGANES;H. UNIVERSITARIO SEVERO OCHOA;BQCLIN;2018
232;232;CUENCA;H. VIRGEN DE LA LUZ;AC;2018
233;233;BADAJOZ;C.H. UNIVERSITARIO DE BADAJOZ;MICRO;2018
234;234;ZARAGOZA;H. UNIVERSITARIO MIGUEL SERVET;MICRO;2018
235;235;LLEIDA;H. UNIVERSITARI ARNAU DE VILANOVA;FH;2018
236;236;GRANADA;H. UNIVERSITARIO VIRGEN DE LAS NIEVES;RAD;2018
237;237;VITORIA-GASTEIZ;H. UNIVERSITARIO ARABA;FH;2018
238;238;LOGRONO;H. DE SAN PEDRO;FH;2018
239;239;SANTA CRUZ DE TENERIFE;H.UNIVERSITARIO NUESTRA SENORA DE LA CANDELARIA;MICRO;2018
240;240;LAS PALMAS DE GRAN CANARIA;C.H.UNIVERSITARIO INSULAR MATERNO INFANTIL DE LAS PALMAS DE GRAN CANARIAS;FH;2018
241;241;PALMA DE MALLORCA;H. UNIVERSITARIO SON ESPASES;MICRO;2018
242;242;SANTA CRUZ DE TENERIFE;H.UNIVERSITARIO NUESTRA SENORA DE LA CANDELARIA;AC;2018
243;243;SEGOVIA;COMPLEJO ASISTENCIAL DE SEGOVIA;AC;2018
244;244;VITORIA-GASTEIZ;H. UNIVERSITARIO ARABA;AC;2018
245;245;BARCELONA;H. UNIVERSITARIO VALL D´ HEBRON;BQCLIN;2018
246;246;ZARAGOZA;H. CLINICO UNIVERSITARIO LOZANO BLESA;BQCLIN;2018
247;247;MERIDA;H. DE MERIDA;AC;2018
248;248;BURGOS;COMPLEJO ASISTENCIAL UNIVERSITARIO DE BURGOS;FH;2018
249;249;PAMPLONA;CLINICA UNIVERSIDAD DE NAVARRA;BQCLIN;2018
250;250;ZARAGOZA;H. CLINICO UNIVERSITARIO LOZANO BLESA;MICRO;2018
251;251;VALLADOLID;H. CLINICO UNIVERSITARIO DE VALLADOLID;MICRO;2018
253;253;LA LINEA DE LA CONCEPCION;AREA SANITARIA CAMPO DE GIBRALTAR - H. DE LA LINEA DE LA CONCEPCION;AC;2018
254;254;GIRONA;H. UNIVERSITARI DE GIRONA DR. JOSEP TRUETA;AC;2018
255;255;LAS PALMAS DE GRAN CANARIA;C.H.UNIVERSITARIO INSULAR MATERNO INFANTIL DE LAS PALMAS DE GRAN CANARIAS;MICRO;2018
256;256;LA LAGUNA;H. UNIVERSITARIO DE CANARIAS;BQCLIN;2018
257;257;LA LAGUNA;H. UNIVERSITARIO DE CANARIAS;MICRO;2018
258;258;AVILES;H. UNIVERSITARIO SAN AGUSTIN;BQCLIN;2018
259;259;SABADELL;CORPORACIO SANITARIA PARC TAULI;AC;2018
260;260;PAMPLONA;CLINICA UNIVERSIDAD DE NAVARRA;FH;2018
261;261;BADALONA;H. UNIVERSITARI GERMANS TRIAS I PUJOL;AC;2018
262;262;BARCELONA;H. CLINIC DE BARCELONA;BQCLIN;2018
263;263;PALMA DE MALLORCA;H. UNIVERSITARIO SON ESPASES;RAD;2018
264;264;BARCELONA;H. UNIVERSITARIO VALL D´ HEBRON;RAD;2018
